{"cameraMode":{"drawMode":0,"name":"Shaded","section":"Shading Mode"},"sceneLighting":false,"audioPlay":false,"sceneViewState":{"showFog":true,"showMaterialUpdate":false,"showSkybox":true,"showFlares":true,"showImageEffects":true,"showParticleSystems":true},"in2DMode":false,"pivot":{"x":-0.0005283355712890625,"y":-50582.1171875,"z":-52796.859375},"rotation":{"x":-0.4791465997695923,"y":0.018954817205667497,"z":-0.010349201038479805,"w":-0.8774691820144653},"size":2.8578836917877199,"orthographic":false}