{"cameraMode":{"drawMode":0,"name":"Shaded","section":"Shading Mode"},"sceneLighting":true,"audioPlay":false,"sceneViewState":{"showFog":true,"showMaterialUpdate":false,"showSkybox":true,"showFlares":true,"showImageEffects":true,"showParticleSystems":true},"in2DMode":false,"pivot":{"x":-4.4377970695495609,"y":1.5899674892425538,"z":7.9781975746154789},"rotation":{"x":-0.3356732428073883,"y":0.23712079226970673,"z":-0.08771448582410813,"w":-0.9074158072471619},"size":66.4283676147461,"orthographic":false}