{"cameraMode":{"drawMode":0,"name":"Shaded","section":"Shading Mode"},"sceneLighting":false,"audioPlay":false,"sceneViewState":{"showFog":true,"showMaterialUpdate":false,"showSkybox":true,"showFlares":true,"showImageEffects":true,"showParticleSystems":true},"in2DMode":false,"pivot":{"x":0.0,"y":1.3799999952316285,"z":-0.10000008344650269},"rotation":{"x":-0.4791465997695923,"y":0.018954817205667497,"z":-0.010349201038479805,"w":-0.8774691820144653},"size":5.504969596862793,"orthographic":false}